,order,money,trial
0,0.0,1.23,0.0
1,1.0,6.29,0.0
2,2.0,12.43,0.0
3,3.0,4.13,0.0
4,4.0,1.1,0.0
5,5.0,0.81,0.0
6,6.0,4.73,0.0
7,7.0,10.97,0.0
8,8.0,12.9,0.0
9,9.0,11.41,0.0
10,0.0,0.9,1.0
11,1.0,6.62,1.0
12,2.0,2.02,1.0
13,3.0,6.14,1.0
14,4.0,12.4,1.0
15,5.0,4.27,1.0
16,6.0,9.86,1.0
17,7.0,1.28,1.0
18,8.0,8.72,1.0
19,9.0,13.79,1.0
20,0.0,6.1,2.0
21,1.0,1.8,2.0
22,2.0,13.91,2.0
23,3.0,2.01,2.0
24,4.0,7.06,2.0
25,5.0,0.7,2.0
26,6.0,12.89,2.0
27,7.0,2.96,2.0
28,8.0,10.68,2.0
29,9.0,7.89,2.0
30,0.0,4.1,3.0
31,1.0,7.46,3.0
32,2.0,9.81,3.0
33,3.0,11.83,3.0
34,4.0,1.27,3.0
35,5.0,1.31,3.0
36,6.0,7.4,3.0
37,7.0,8.71,3.0
38,8.0,3.04,3.0
39,9.0,11.07,3.0
40,0.0,9.36,4.0
41,1.0,10.91,4.0
42,2.0,6.02,4.0
43,3.0,8.2,4.0
44,4.0,4.03,4.0
45,5.0,1.46,4.0
46,6.0,9.58,4.0
47,7.0,10.66,4.0
48,8.0,3.94,4.0
49,9.0,1.84,4.0
50,0.0,3.57,5.0
51,1.0,3.4,5.0
52,2.0,3.5,5.0
53,3.0,11.89,5.0
54,4.0,10.62,5.0
55,5.0,10.22,5.0
56,6.0,10.85,5.0
57,7.0,3.81,5.0
58,8.0,2.42,5.0
59,9.0,5.72,5.0
60,0.0,7.65,6.0
61,1.0,12.19,6.0
62,2.0,8.55,6.0
63,3.0,3.17,6.0
64,4.0,1.37,6.0
65,5.0,12.25,6.0
66,6.0,4.88,6.0
67,7.0,3.61,6.0
68,8.0,5.99,6.0
69,9.0,6.34,6.0
70,0.0,7.41,7.0
71,1.0,5.19,7.0
72,2.0,9.37,7.0
73,3.0,2.3,7.0
74,4.0,5.41,7.0
75,5.0,7.99,7.0
76,6.0,4.48,7.0
77,7.0,2.03,7.0
78,8.0,14.12,7.0
79,9.0,7.7,7.0
80,0.0,0.66,8.0
81,1.0,3.5,8.0
82,2.0,9.88,8.0
83,3.0,9.29,8.0
84,4.0,4.23,8.0
85,5.0,11.69,8.0
86,6.0,4.09,8.0
87,7.0,11.53,8.0
88,8.0,5.54,8.0
89,9.0,5.59,8.0
90,0.0,0.84,9.0
91,1.0,13.39,9.0
92,2.0,3.04,9.0
93,3.0,11.28,9.0
94,4.0,2.99,9.0
95,5.0,3.07,9.0
96,6.0,1.47,9.0
97,7.0,13.35,9.0
98,8.0,9.28,9.0
99,9.0,7.29,9.0
100,0.0,8.08,10.0
101,1.0,1.36,10.0
102,2.0,12.31,10.0
103,3.0,8.51,10.0
104,4.0,4.68,10.0
105,5.0,7.71,10.0
106,6.0,7.14,10.0
107,7.0,4.58,10.0
108,8.0,3.25,10.0
109,9.0,8.38,10.0
110,0.0,4.55,11.0
111,1.0,9.6,11.0
112,2.0,7.43,11.0
113,3.0,9.28,11.0
114,4.0,9.37,11.0
115,5.0,4.54,11.0
116,6.0,8.02,11.0
117,7.0,2.39,11.0
118,8.0,5.03,11.0
119,9.0,5.79,11.0
120,0.0,5.53,12.0
121,1.0,11.02,12.0
122,2.0,6.59,12.0
123,3.0,6.13,12.0
124,4.0,5.19,12.0
125,5.0,7.34,12.0
126,6.0,2.27,12.0
127,7.0,6.13,12.0
128,8.0,11.3,12.0
129,9.0,4.5,12.0
130,0.0,1.95,13.0
131,1.0,7.76,13.0
132,2.0,0.92,13.0
133,3.0,6.84,13.0
134,4.0,9.34,13.0
135,5.0,1.13,13.0
136,6.0,14.36,13.0
137,7.0,3.77,13.0
138,8.0,13.55,13.0
139,9.0,6.38,13.0
140,0.0,9.57,14.0
141,1.0,8.66,14.0
142,2.0,11.15,14.0
143,3.0,5.4,14.0
144,4.0,4.98,14.0
145,5.0,7.12,14.0
146,6.0,0.86,14.0
147,7.0,2.31,14.0
148,8.0,9.07,14.0
149,9.0,6.88,14.0
150,0.0,9.11,15.0
151,1.0,9.28,15.0
152,2.0,0.85,15.0
153,3.0,1.89,15.0
154,4.0,7.33,15.0
155,5.0,7.17,15.0
156,6.0,10.11,15.0
157,7.0,11.67,15.0
158,8.0,2.65,15.0
159,9.0,5.94,15.0
160,0.0,3.87,16.0
161,1.0,10.25,16.0
162,2.0,3.58,16.0
163,3.0,8.39,16.0
164,4.0,0.66,16.0
165,5.0,15.55,16.0
166,6.0,9.66,16.0
167,7.0,7.4,16.0
168,8.0,6.25,16.0
169,9.0,0.39,16.0
170,0.0,11.73,17.0
171,1.0,6.98,17.0
172,2.0,11.51,17.0
173,3.0,6.54,17.0
174,4.0,1.35,17.0
175,5.0,3.04,17.0
176,6.0,3.77,17.0
177,7.0,3.32,17.0
178,8.0,5.03,17.0
179,9.0,12.73,17.0
180,0.0,11.18,18.0
181,1.0,7.31,18.0
182,2.0,7.01,18.0
183,3.0,10.72,18.0
184,4.0,2.41,18.0
185,5.0,6.85,18.0
186,6.0,4.66,18.0
187,7.0,3.59,18.0
188,8.0,2.65,18.0
189,9.0,9.62,18.0
190,0.0,12.98,19.0
191,1.0,8.62,19.0
192,2.0,8.58,19.0
193,3.0,4.39,19.0
194,4.0,0.54,19.0
195,5.0,0.9,19.0
196,6.0,6.39,19.0
197,7.0,2.14,19.0
198,8.0,3.29,19.0
199,9.0,18.17,19.0
200,0.0,4.09,20.0
201,1.0,4.61,20.0
202,2.0,13.47,20.0
203,3.0,3.62,20.0
204,4.0,0.67,20.0
205,5.0,1.2,20.0
206,6.0,3.21,20.0
207,7.0,16.86,20.0
208,8.0,17.3,20.0
209,9.0,0.97,20.0
210,0.0,7.61,21.0
211,1.0,10.12,21.0
212,2.0,3.4,21.0
213,3.0,12.48,21.0
214,4.0,6.48,21.0
215,5.0,3.67,21.0
216,6.0,4.76,21.0
217,7.0,0.58,21.0
218,8.0,9.4,21.0
219,9.0,7.5,21.0
220,0.0,5.71,22.0
221,1.0,10.48,22.0
222,2.0,9.01,22.0
223,3.0,5.08,22.0
224,4.0,2.83,22.0
225,5.0,9.49,22.0
226,6.0,1.82,22.0
227,7.0,6.45,22.0
228,8.0,9.01,22.0
229,9.0,6.12,22.0
230,0.0,4.11,23.0
231,1.0,12.7,23.0
232,2.0,11.82,23.0
233,3.0,5.92,23.0
234,4.0,9.91,23.0
235,5.0,2.63,23.0
236,6.0,5.24,23.0
237,7.0,5.34,23.0
238,8.0,2.82,23.0
239,9.0,5.51,23.0
240,0.0,5.39,24.0
241,1.0,6.4,24.0
242,2.0,0.91,24.0
243,3.0,1.02,24.0
244,4.0,16.33,24.0
245,5.0,8.34,24.0
246,6.0,6.38,24.0
247,7.0,13.11,24.0
248,8.0,7.24,24.0
249,9.0,0.88,24.0
250,0.0,6.73,25.0
251,1.0,9.66,25.0
252,2.0,11.9,25.0
253,3.0,7.26,25.0
254,4.0,7.58,25.0
255,5.0,5.76,25.0
256,6.0,0.42,25.0
257,7.0,5.78,25.0
258,8.0,2.22,25.0
259,9.0,8.69,25.0
260,0.0,9.99,26.0
261,1.0,3.33,26.0
262,2.0,9.11,26.0
263,3.0,4.9,26.0
264,4.0,7.56,26.0
265,5.0,0.88,26.0
266,6.0,6.59,26.0
267,7.0,15.53,26.0
268,8.0,5.75,26.0
269,9.0,2.36,26.0
270,0.0,3.46,27.0
271,1.0,2.22,27.0
272,2.0,1.6,27.0
273,3.0,2.2,27.0
274,4.0,12.94,27.0
275,5.0,1.03,27.0
276,6.0,18.83,27.0
277,7.0,5.38,27.0
278,8.0,13.61,27.0
279,9.0,4.73,27.0
280,0.0,7.89,28.0
281,1.0,7.56,28.0
282,2.0,9.54,28.0
283,3.0,11.29,28.0
284,4.0,9.6,28.0
285,5.0,4.32,28.0
286,6.0,6.8,28.0
287,7.0,2.05,28.0
288,8.0,5.96,28.0
289,9.0,0.99,28.0
290,0.0,9.26,29.0
291,1.0,12.27,29.0
292,2.0,8.88,29.0
293,3.0,8.66,29.0
294,4.0,5.2,29.0
295,5.0,1.26,29.0
296,6.0,3.22,29.0
297,7.0,5.59,29.0
298,8.0,8.46,29.0
299,9.0,3.2,29.0
300,0.0,5.94,30.0
301,1.0,3.42,30.0
302,2.0,1.03,30.0
303,3.0,11.44,30.0
304,4.0,8.34,30.0
305,5.0,11.55,30.0
306,6.0,3.89,30.0
307,7.0,4.94,30.0
308,8.0,13.71,30.0
309,9.0,1.74,30.0
310,0.0,6.66,31.0
311,1.0,10.78,31.0
312,2.0,1.68,31.0
313,3.0,0.83,31.0
314,4.0,2.56,31.0
315,5.0,6.59,31.0
316,6.0,16.59,31.0
317,7.0,7.47,31.0
318,8.0,7.22,31.0
319,9.0,5.62,31.0
320,0.0,9.11,32.0
321,1.0,9.28,32.0
322,2.0,0.85,32.0
323,3.0,1.89,32.0
324,4.0,7.33,32.0
325,5.0,7.17,32.0
326,6.0,10.11,32.0
327,7.0,11.67,32.0
328,8.0,2.65,32.0
329,9.0,5.94,32.0
330,0.0,10.39,33.0
331,1.0,7.43,33.0
332,2.0,2.9,33.0
333,3.0,6.5,33.0
334,4.0,9.4,33.0
335,5.0,5.54,33.0
336,6.0,8.85,33.0
337,7.0,2.56,33.0
338,8.0,6.92,33.0
339,9.0,5.51,33.0
340,0.0,7.06,34.0
341,1.0,2.39,34.0
342,2.0,10.38,34.0
343,3.0,12.78,34.0
344,4.0,1.29,34.0
345,5.0,0.76,34.0
346,6.0,2.22,34.0
347,7.0,13.04,34.0
348,8.0,12.15,34.0
349,9.0,3.93,34.0
350,0.0,11.65,35.0
351,1.0,4.03,35.0
352,2.0,10.96,35.0
353,3.0,9.08,35.0
354,4.0,5.98,35.0
355,5.0,1.34,35.0
356,6.0,7.86,35.0
357,7.0,6.38,35.0
358,8.0,1.56,35.0
359,9.0,7.16,35.0
360,0.0,11.31,36.0
361,1.0,6.45,36.0
362,2.0,1.97,36.0
363,3.0,9.03,36.0
364,4.0,9.72,36.0
365,5.0,4.72,36.0
366,6.0,5.89,36.0
367,7.0,4.61,36.0
368,8.0,0.72,36.0
369,9.0,11.58,36.0
370,0.0,9.19,37.0
371,1.0,10.62,37.0
372,2.0,9.44,37.0
373,3.0,7.49,37.0
374,4.0,5.53,37.0
375,5.0,9.2,37.0
376,6.0,2.99,37.0
377,7.0,5.96,37.0
378,8.0,0.29,37.0
379,9.0,5.29,37.0
380,0.0,12.34,38.0
381,1.0,5.08,38.0
382,2.0,0.95,38.0
383,3.0,8.72,38.0
384,4.0,5.3,38.0
385,5.0,11.7,38.0
386,6.0,10.69,38.0
387,7.0,7.42,38.0
388,8.0,0.19,38.0
389,9.0,3.61,38.0
390,0.0,6.37,39.0
391,1.0,3.85,39.0
392,2.0,7.96,39.0
393,3.0,8.81,39.0
394,4.0,5.85,39.0
395,5.0,8.21,39.0
396,6.0,7.6,39.0
397,7.0,3.75,39.0
398,8.0,10.06,39.0
399,9.0,3.54,39.0
400,0.0,3.52,40.0
401,1.0,4.56,40.0
402,2.0,1.64,40.0
403,3.0,8.28,40.0
404,4.0,1.04,40.0
405,5.0,1.36,40.0
406,6.0,22.4,40.0
407,7.0,8.7,40.0
408,8.0,12.96,40.0
409,9.0,1.54,40.0
410,0.0,10.35,41.0
411,1.0,6.31,41.0
412,2.0,5.78,41.0
413,3.0,7.98,41.0
414,4.0,6.94,41.0
415,5.0,4.35,41.0
416,6.0,6.66,41.0
417,7.0,0.58,41.0
418,8.0,15.71,41.0
419,9.0,1.34,41.0
420,0.0,7.09,42.0
421,1.0,10.64,42.0
422,2.0,8.3,42.0
423,3.0,6.63,42.0
424,4.0,1.28,42.0
425,5.0,10.58,42.0
426,6.0,2.59,42.0
427,7.0,4.78,42.0
428,8.0,4.53,42.0
429,9.0,9.58,42.0
430,0.0,3.36,43.0
431,1.0,0.81,43.0
432,2.0,5.67,43.0
433,3.0,14.52,43.0
434,4.0,7.51,43.0
435,5.0,4.21,43.0
436,6.0,1.61,43.0
437,7.0,17.72,43.0
438,8.0,4.29,43.0
439,9.0,6.3,43.0
440,0.0,9.24,44.0
441,1.0,7.1,44.0
442,2.0,8.79,44.0
443,3.0,5.94,44.0
444,4.0,2.75,44.0
445,5.0,12.21,44.0
446,6.0,2.97,44.0
447,7.0,6.6,44.0
448,8.0,4.5,44.0
449,9.0,5.9,44.0
450,0.0,2.23,45.0
451,1.0,4.63,45.0
452,2.0,5.39,45.0
453,3.0,10.61,45.0
454,4.0,4.54,45.0
455,5.0,10.39,45.0
456,6.0,13.37,45.0
457,7.0,2.4,45.0
458,8.0,2.47,45.0
459,9.0,9.97,45.0
460,0.0,12.82,46.0
461,1.0,3.83,46.0
462,2.0,3.3,46.0
463,3.0,8.65,46.0
464,4.0,1.36,46.0
465,5.0,1.28,46.0
466,6.0,7.47,46.0
467,7.0,4.94,46.0
468,8.0,11.09,46.0
469,9.0,11.26,46.0
470,0.0,7.85,47.0
471,1.0,11.64,47.0
472,2.0,0.81,47.0
473,3.0,4.63,47.0
474,4.0,10.52,47.0
475,5.0,8.44,47.0
476,6.0,2.77,47.0
477,7.0,8.37,47.0
478,8.0,4.95,47.0
479,9.0,6.02,47.0
480,0.0,12.02,48.0
481,1.0,8.34,48.0
482,2.0,9.19,48.0
483,3.0,5.2,48.0
484,4.0,0.52,48.0
485,5.0,7.53,48.0
486,6.0,8.05,48.0
487,7.0,4.93,48.0
488,8.0,7.72,48.0
489,9.0,2.5,48.0
490,0.0,5.27,49.0
491,1.0,10.69,49.0
492,2.0,3.49,49.0
493,3.0,0.7,49.0
494,4.0,11.25,49.0
495,5.0,8.1,49.0
496,6.0,10.09,49.0
497,7.0,6.76,49.0
498,8.0,6.64,49.0
499,9.0,3.01,49.0
500,0.0,6.42,50.0
501,1.0,5.43,50.0
502,2.0,3.85,50.0
503,3.0,1.07,50.0
504,4.0,14.08,50.0
505,5.0,8.21,50.0
506,6.0,3.71,50.0
507,7.0,3.75,50.0
508,8.0,3.14,50.0
509,9.0,16.34,50.0
510,0.0,4.9,51.0
511,1.0,0.67,51.0
512,2.0,1.49,51.0
513,3.0,2.85,51.0
514,4.0,4.08,51.0
515,5.0,14.29,51.0
516,6.0,0.96,51.0
517,7.0,15.55,51.0
518,8.0,13.22,51.0
519,9.0,7.99,51.0
520,0.0,12.45,52.0
521,1.0,10.6,52.0
522,2.0,1.39,52.0
523,3.0,5.18,52.0
524,4.0,9.01,52.0
525,5.0,9.87,52.0
526,6.0,6.78,52.0
527,7.0,0.85,52.0
528,8.0,4.37,52.0
529,9.0,5.5,52.0
530,0.0,9.52,53.0
531,1.0,0.62,53.0
532,2.0,3.21,53.0
533,3.0,8.83,53.0
534,4.0,3.83,53.0
535,5.0,10.94,53.0
536,6.0,9.24,53.0
537,7.0,7.99,53.0
538,8.0,11.75,53.0
539,9.0,0.07,53.0
540,0.0,12.74,54.0
541,1.0,11.59,54.0
542,2.0,2.86,54.0
543,3.0,2.01,54.0
544,4.0,3.95,54.0
545,5.0,0.65,54.0
546,6.0,6.59,54.0
547,7.0,0.85,54.0
548,8.0,14.78,54.0
549,9.0,9.98,54.0
550,0.0,6.43,55.0
551,1.0,4.62,55.0
552,2.0,4.1,55.0
553,3.0,1.29,55.0
554,4.0,13.43,55.0
555,5.0,5.02,55.0
556,6.0,15.45,55.0
557,7.0,1.95,55.0
558,8.0,6.62,55.0
559,9.0,7.09,55.0
560,0.0,3.27,56.0
561,1.0,5.27,56.0
562,2.0,3.97,56.0
563,3.0,0.76,56.0
564,4.0,10.23,56.0
565,5.0,8.62,56.0
566,6.0,3.74,56.0
567,7.0,2.21,56.0
568,8.0,3.83,56.0
569,9.0,24.1,56.0
570,0.0,7.75,57.0
571,1.0,3.21,57.0
572,2.0,11.38,57.0
573,3.0,0.62,57.0
574,4.0,11.75,57.0
575,5.0,10.65,57.0
576,6.0,0.51,57.0
577,7.0,2.6,57.0
578,8.0,13.89,57.0
579,9.0,3.64,57.0
580,0.0,0.66,58.0
581,1.0,12.37,58.0
582,2.0,8.61,58.0
583,3.0,8.07,58.0
584,4.0,0.69,58.0
585,5.0,9.77,58.0
586,6.0,4.48,58.0
587,7.0,12.17,58.0
588,8.0,0.72,58.0
589,9.0,8.46,58.0
590,0.0,8.37,59.0
591,1.0,8.08,59.0
592,2.0,0.61,59.0
593,3.0,0.73,59.0
594,4.0,12.51,59.0
595,5.0,8.56,59.0
596,6.0,8.83,59.0
597,7.0,2.62,59.0
598,8.0,0.96,59.0
599,9.0,14.73,59.0
600,0.0,2.25,60.0
601,1.0,3.17,60.0
602,2.0,12.15,60.0
603,3.0,4.34,60.0
604,4.0,0.73,60.0
605,5.0,3.88,60.0
606,6.0,8.03,60.0
607,7.0,6.07,60.0
608,8.0,15.9,60.0
609,9.0,9.48,60.0
610,0.0,0.66,61.0
611,1.0,13.82,61.0
612,2.0,8.05,61.0
613,3.0,8.51,61.0
614,4.0,6.2,61.0
615,5.0,1.03,61.0
616,6.0,5.94,61.0
617,7.0,5.04,61.0
618,8.0,3.61,61.0
619,9.0,13.14,61.0
620,0.0,12.57,62.0
621,1.0,5.98,62.0
622,2.0,0.59,62.0
623,3.0,4.21,62.0
624,4.0,11.48,62.0
625,5.0,7.34,62.0
626,6.0,10.66,62.0
627,7.0,3.26,62.0
628,8.0,0.49,62.0
629,9.0,9.42,62.0
630,0.0,12.88,63.0
631,1.0,9.91,63.0
632,2.0,3.38,63.0
633,3.0,5.22,63.0
634,4.0,8.95,63.0
635,5.0,9.91,63.0
636,6.0,4.95,63.0
637,7.0,0.36,63.0
638,8.0,7.79,63.0
639,9.0,2.65,63.0
640,0.0,11.17,64.0
641,1.0,1.26,64.0
642,2.0,1.07,64.0
643,3.0,5.96,64.0
644,4.0,6.27,64.0
645,5.0,9.18,64.0
646,6.0,2.4,64.0
647,7.0,14.76,64.0
648,8.0,0.69,64.0
649,9.0,13.24,64.0
650,0.0,9.7,65.0
651,1.0,5.13,65.0
652,2.0,9.86,65.0
653,3.0,8.22,65.0
654,4.0,9.71,65.0
655,5.0,6.62,65.0
656,6.0,6.98,65.0
657,7.0,1.23,65.0
658,8.0,5.41,65.0
659,9.0,3.14,65.0
660,0.0,1.2,66.0
661,1.0,1.53,66.0
662,2.0,7.89,66.0
663,3.0,13.98,66.0
664,4.0,4.0,66.0
665,5.0,3.17,66.0
666,6.0,8.95,66.0
667,7.0,0.91,66.0
668,8.0,18.41,66.0
669,9.0,5.96,66.0
670,0.0,6.65,67.0
671,1.0,12.8,67.0
672,2.0,4.81,67.0
673,3.0,1.26,67.0
674,4.0,9.88,67.0
675,5.0,2.24,67.0
676,6.0,4.18,67.0
677,7.0,7.2,67.0
678,8.0,3.26,67.0
679,9.0,13.72,67.0
680,0.0,9.0,68.0
681,1.0,5.02,68.0
682,2.0,3.5,68.0
683,3.0,4.94,68.0
684,4.0,9.63,68.0
685,5.0,2.59,68.0
686,6.0,13.27,68.0
687,7.0,8.5,68.0
688,8.0,6.36,68.0
689,9.0,3.19,68.0
690,0.0,6.26,69.0
691,1.0,8.08,69.0
692,2.0,7.25,69.0
693,3.0,10.87,69.0
694,4.0,7.27,69.0
695,5.0,8.24,69.0
696,6.0,7.52,69.0
697,7.0,5.09,69.0
698,8.0,3.93,69.0
699,9.0,1.49,69.0
700,0.0,11.26,70.0
701,1.0,3.79,70.0
702,2.0,8.94,70.0
703,3.0,6.33,70.0
704,4.0,5.11,70.0
705,5.0,3.91,70.0
706,6.0,4.25,70.0
707,7.0,12.74,70.0
708,8.0,5.17,70.0
709,9.0,4.5,70.0
710,0.0,1.71,71.0
711,1.0,7.33,71.0
712,2.0,3.97,71.0
713,3.0,2.46,71.0
714,4.0,12.58,71.0
715,5.0,14.45,71.0
716,6.0,11.06,71.0
717,7.0,3.83,71.0
718,8.0,1.0,71.0
719,9.0,7.61,71.0
720,0.0,4.45,72.0
721,1.0,7.42,72.0
722,2.0,3.21,72.0
723,3.0,14.16,72.0
724,4.0,1.89,72.0
725,5.0,3.77,72.0
726,6.0,6.59,72.0
727,7.0,13.28,72.0
728,8.0,2.33,72.0
729,9.0,8.9,72.0
730,0.0,5.27,73.0
731,1.0,13.47,73.0
732,2.0,7.5,73.0
733,3.0,9.93,73.0
734,4.0,6.6,73.0
735,5.0,7.17,73.0
736,6.0,2.17,73.0
737,7.0,6.47,73.0
738,8.0,7.35,73.0
739,9.0,0.07,73.0
740,0.0,2.41,74.0
741,1.0,12.05,74.0
742,2.0,9.03,74.0
743,3.0,4.41,74.0
744,4.0,7.98,74.0
745,5.0,9.9,74.0
746,6.0,3.78,74.0
747,7.0,5.49,74.0
748,8.0,10.24,74.0
749,9.0,0.71,74.0
750,0.0,9.43,75.0
751,1.0,12.06,75.0
752,2.0,6.66,75.0
753,3.0,10.36,75.0
754,4.0,8.17,75.0
755,5.0,2.88,75.0
756,6.0,4.05,75.0
757,7.0,1.58,75.0
758,8.0,9.53,75.0
759,9.0,1.28,75.0
760,0.0,3.98,76.0
761,1.0,0.68,76.0
762,2.0,4.4,76.0
763,3.0,0.81,76.0
764,4.0,14.56,76.0
765,5.0,10.98,76.0
766,6.0,14.14,76.0
767,7.0,8.99,76.0
768,8.0,3.03,76.0
769,9.0,4.43,76.0
770,0.0,2.45,77.0
771,1.0,4.8,77.0
772,2.0,8.11,77.0
773,3.0,0.72,77.0
774,4.0,10.58,77.0
775,5.0,10.18,77.0
776,6.0,2.6,77.0
777,7.0,7.33,77.0
778,8.0,15.88,77.0
779,9.0,3.35,77.0
780,0.0,1.67,78.0
781,1.0,13.39,78.0
782,2.0,6.69,78.0
783,3.0,0.63,78.0
784,4.0,10.08,78.0
785,5.0,10.43,78.0
786,6.0,7.56,78.0
787,7.0,9.0,78.0
788,8.0,3.27,78.0
789,9.0,3.28,78.0
790,0.0,4.9,79.0
791,1.0,6.38,79.0
792,2.0,1.27,79.0
793,3.0,1.07,79.0
794,4.0,7.21,79.0
795,5.0,4.1,79.0
796,6.0,5.93,79.0
797,7.0,16.44,79.0
798,8.0,4.38,79.0
799,9.0,14.32,79.0
800,0.0,1.15,80.0
801,1.0,4.42,80.0
802,2.0,7.95,80.0
803,3.0,10.08,80.0
804,4.0,10.46,80.0
805,5.0,10.68,80.0
806,6.0,0.53,80.0
807,7.0,11.86,80.0
808,8.0,7.48,80.0
809,9.0,1.39,80.0
810,0.0,12.54,81.0
811,1.0,5.58,81.0
812,2.0,11.43,81.0
813,3.0,8.91,81.0
814,4.0,2.05,81.0
815,5.0,0.5,81.0
816,6.0,9.34,81.0
817,7.0,6.85,81.0
818,8.0,4.31,81.0
819,9.0,4.49,81.0
820,0.0,2.65,82.0
821,1.0,5.17,82.0
822,2.0,7.73,82.0
823,3.0,5.17,82.0
824,4.0,13.06,82.0
825,5.0,9.3,82.0
826,6.0,3.99,82.0
827,7.0,5.09,82.0
828,8.0,6.87,82.0
829,9.0,6.97,82.0
830,0.0,6.05,83.0
831,1.0,6.5,83.0
832,2.0,9.23,83.0
833,3.0,0.63,83.0
834,4.0,1.42,83.0
835,5.0,0.95,83.0
836,6.0,2.04,83.0
837,7.0,18.0,83.0
838,8.0,12.96,83.0
839,9.0,8.22,83.0
840,0.0,8.1,84.0
841,1.0,8.73,84.0
842,2.0,6.59,84.0
843,3.0,7.32,84.0
844,4.0,9.15,84.0
845,5.0,6.15,84.0
846,6.0,7.23,84.0
847,7.0,5.47,84.0
848,8.0,4.09,84.0
849,9.0,3.17,84.0
850,0.0,5.91,85.0
851,1.0,5.33,85.0
852,2.0,8.84,85.0
853,3.0,9.77,85.0
854,4.0,1.52,85.0
855,5.0,10.73,85.0
856,6.0,10.39,85.0
857,7.0,0.64,85.0
858,8.0,12.68,85.0
859,9.0,0.19,85.0
860,0.0,0.67,86.0
861,1.0,1.51,86.0
862,2.0,14.76,86.0
863,3.0,4.78,86.0
864,4.0,7.68,86.0
865,5.0,10.83,86.0
866,6.0,6.97,86.0
867,7.0,4.97,86.0
868,8.0,7.81,86.0
869,9.0,6.02,86.0
870,0.0,9.13,87.0
871,1.0,3.76,87.0
872,2.0,8.48,87.0
873,3.0,9.42,87.0
874,4.0,6.23,87.0
875,5.0,4.61,87.0
876,6.0,2.76,87.0
877,7.0,2.7,87.0
878,8.0,12.94,87.0
879,9.0,5.97,87.0
880,0.0,10.53,88.0
881,1.0,2.41,88.0
882,2.0,11.38,88.0
883,3.0,6.89,88.0
884,4.0,0.57,88.0
885,5.0,11.5,88.0
886,6.0,10.42,88.0
887,7.0,4.05,88.0
888,8.0,6.41,88.0
889,9.0,1.84,88.0
890,0.0,0.66,89.0
891,1.0,1.29,89.0
892,2.0,0.84,89.0
893,3.0,16.63,89.0
894,4.0,9.56,89.0
895,5.0,3.78,89.0
896,6.0,12.15,89.0
897,7.0,3.66,89.0
898,8.0,17.38,89.0
899,9.0,0.05,89.0
900,0.0,12.14,90.0
901,1.0,5.4,90.0
902,2.0,1.64,90.0
903,3.0,6.92,90.0
904,4.0,7.74,90.0
905,5.0,3.05,90.0
906,6.0,3.89,90.0
907,7.0,0.84,90.0
908,8.0,12.39,90.0
909,9.0,11.99,90.0
910,0.0,4.03,91.0
911,1.0,4.99,91.0
912,2.0,11.99,91.0
913,3.0,11.41,91.0
914,4.0,5.95,91.0
915,5.0,3.51,91.0
916,6.0,3.34,91.0
917,7.0,12.13,91.0
918,8.0,3.01,91.0
919,9.0,5.64,91.0
920,0.0,7.53,92.0
921,1.0,8.07,92.0
922,2.0,12.57,92.0
923,3.0,0.54,92.0
924,4.0,5.31,92.0
925,5.0,1.63,92.0
926,6.0,12.02,92.0
927,7.0,5.0,92.0
928,8.0,10.13,92.0
929,9.0,3.2,92.0
930,0.0,8.26,93.0
931,1.0,4.79,93.0
932,2.0,11.54,93.0
933,3.0,1.38,93.0
934,4.0,2.39,93.0
935,5.0,14.83,93.0
936,6.0,3.3,93.0
937,7.0,7.23,93.0
938,8.0,9.35,93.0
939,9.0,2.93,93.0
940,0.0,0.73,94.0
941,1.0,7.73,94.0
942,2.0,13.28,94.0
943,3.0,11.45,94.0
944,4.0,10.3,94.0
945,5.0,3.67,94.0
946,6.0,8.53,94.0
947,7.0,0.42,94.0
948,8.0,7.75,94.0
949,9.0,2.14,94.0
950,0.0,5.14,95.0
951,1.0,12.23,95.0
952,2.0,11.1,95.0
953,3.0,7.9,95.0
954,4.0,1.82,95.0
955,5.0,6.42,95.0
956,6.0,7.88,95.0
957,7.0,5.94,95.0
958,8.0,3.48,95.0
959,9.0,4.09,95.0
960,0.0,0.66,96.0
961,1.0,13.86,96.0
962,2.0,8.19,96.0
963,3.0,2.98,96.0
964,4.0,7.61,96.0
965,5.0,2.63,96.0
966,6.0,13.92,96.0
967,7.0,1.6,96.0
968,8.0,12.7,96.0
969,9.0,1.85,96.0
970,0.0,6.95,97.0
971,1.0,4.18,97.0
972,2.0,5.18,97.0
973,3.0,1.31,97.0
974,4.0,2.23,97.0
975,5.0,10.24,97.0
976,6.0,6.3,97.0
977,7.0,6.41,97.0
978,8.0,17.72,97.0
979,9.0,5.48,97.0
980,0.0,11.05,98.0
981,1.0,5.52,98.0
982,2.0,1.36,98.0
983,3.0,5.97,98.0
984,4.0,10.05,98.0
985,5.0,12.31,98.0
986,6.0,9.52,98.0
987,7.0,2.7,98.0
988,8.0,6.84,98.0
989,9.0,0.68,98.0
990,0.0,0.66,99.0
991,1.0,6.94,99.0
992,2.0,10.45,99.0
993,3.0,7.32,99.0
994,4.0,9.93,99.0
995,5.0,0.61,99.0
996,6.0,7.88,99.0
997,7.0,8.55,99.0
998,8.0,9.5,99.0
999,9.0,4.16,99.0
1000,0.0,12.13,100.0
1001,1.0,4.48,100.0
1002,2.0,7.57,100.0
1003,3.0,7.81,100.0
1004,4.0,7.29,100.0
1005,5.0,9.44,100.0
1006,6.0,8.45,100.0
1007,7.0,0.56,100.0
1008,8.0,7.23,100.0
1009,9.0,1.04,100.0
1010,0.0,11.41,101.0
1011,1.0,7.66,101.0
1012,2.0,6.19,101.0
1013,3.0,11.0,101.0
1014,4.0,8.84,101.0
1015,5.0,1.75,101.0
1016,6.0,0.47,101.0
1017,7.0,8.17,101.0
1018,8.0,5.16,101.0
1019,9.0,5.35,101.0
1020,0.0,7.66,102.0
1021,1.0,3.26,102.0
1022,2.0,12.8,102.0
1023,3.0,4.72,102.0
1024,4.0,4.82,102.0
1025,5.0,1.2,102.0
1026,6.0,12.35,102.0
1027,7.0,11.2,102.0
1028,8.0,0.7,102.0
1029,9.0,7.29,102.0
1030,0.0,6.28,103.0
1031,1.0,1.26,103.0
1032,2.0,4.39,103.0
1033,3.0,14.33,103.0
1034,4.0,0.66,103.0
1035,5.0,7.44,103.0
1036,6.0,11.86,103.0
1037,7.0,4.23,103.0
1038,8.0,8.24,103.0
1039,9.0,7.31,103.0
1040,0.0,7.99,104.0
1041,1.0,3.73,104.0
1042,2.0,5.15,104.0
1043,3.0,2.89,104.0
1044,4.0,12.99,104.0
1045,5.0,1.03,104.0
1046,6.0,9.45,104.0
1047,7.0,2.87,104.0
1048,8.0,9.87,104.0
1049,9.0,10.03,104.0
1050,0.0,0.66,105.0
1051,1.0,1.02,105.0
1052,2.0,0.8,105.0
1053,3.0,0.9,105.0
1054,4.0,9.3,105.0
1055,5.0,19.27,105.0
1056,6.0,6.02,105.0
1057,7.0,10.45,105.0
1058,8.0,10.07,105.0
1059,9.0,7.51,105.0
1060,0.0,11.39,106.0
1061,1.0,1.53,106.0
1062,2.0,7.91,106.0
1063,3.0,8.79,106.0
1064,4.0,2.77,106.0
1065,5.0,1.18,106.0
1066,6.0,8.96,106.0
1067,7.0,5.96,106.0
1068,8.0,7.26,106.0
1069,9.0,10.25,106.0
1070,0.0,0.77,107.0
1071,1.0,11.23,107.0
1072,2.0,7.04,107.0
1073,3.0,3.45,107.0
1074,4.0,5.19,107.0
1075,5.0,3.62,107.0
1076,6.0,8.71,107.0
1077,7.0,13.65,107.0
1078,8.0,4.69,107.0
1079,9.0,7.65,107.0
1080,0.0,12.54,108.0
1081,1.0,8.41,108.0
1082,2.0,11.0,108.0
1083,3.0,7.84,108.0
1084,4.0,7.16,108.0
1085,5.0,0.85,108.0
1086,6.0,3.08,108.0
1087,7.0,7.27,108.0
1088,8.0,3.31,108.0
1089,9.0,4.54,108.0
1090,0.0,13.02,109.0
1091,1.0,6.73,109.0
1092,2.0,2.91,109.0
1093,3.0,9.52,109.0
1094,4.0,1.49,109.0
1095,5.0,1.71,109.0
1096,6.0,13.34,109.0
1097,7.0,8.27,109.0
1098,8.0,8.84,109.0
1099,9.0,0.17,109.0
1100,0.0,3.05,110.0
1101,1.0,9.45,110.0
1102,2.0,13.09,110.0
1103,3.0,9.73,110.0
1104,4.0,7.34,110.0
1105,5.0,7.44,110.0
1106,6.0,1.21,110.0
1107,7.0,8.87,110.0
1108,8.0,1.51,110.0
1109,9.0,4.31,110.0
1110,0.0,7.15,111.0
1111,1.0,0.65,111.0
1112,2.0,2.5,111.0
1113,3.0,1.35,111.0
1114,4.0,6.86,111.0
1115,5.0,10.67,111.0
1116,6.0,8.17,111.0
1117,7.0,6.32,111.0
1118,8.0,7.53,111.0
1119,9.0,14.8,111.0
1120,0.0,3.22,112.0
1121,1.0,7.6,112.0
1122,2.0,7.68,112.0
1123,3.0,10.65,112.0
1124,4.0,3.24,112.0
1125,5.0,7.72,112.0
1126,6.0,4.76,112.0
1127,7.0,0.7,112.0
1128,8.0,10.88,112.0
1129,9.0,9.55,112.0
1130,0.0,7.98,113.0
1131,1.0,1.32,113.0
1132,2.0,1.49,113.0
1133,3.0,4.9,113.0
1134,4.0,14.58,113.0
1135,5.0,2.72,113.0
1136,6.0,6.94,113.0
1137,7.0,9.25,113.0
1138,8.0,0.96,113.0
1139,9.0,15.86,113.0
1140,0.0,5.49,114.0
1141,1.0,1.39,114.0
1142,2.0,2.58,114.0
1143,3.0,0.8,114.0
1144,4.0,12.59,114.0
1145,5.0,10.11,114.0
1146,6.0,1.56,114.0
1147,7.0,8.1,114.0
1148,8.0,9.34,114.0
1149,9.0,14.04,114.0
1150,0.0,5.76,115.0
1151,1.0,1.96,115.0
1152,2.0,8.6,115.0
1153,3.0,4.86,115.0
1154,4.0,9.92,115.0
1155,5.0,12.18,115.0
1156,6.0,7.14,115.0
1157,7.0,7.84,115.0
1158,8.0,5.45,115.0
1159,9.0,2.29,115.0
1160,0.0,0.7,116.0
1161,1.0,14.49,116.0
1162,2.0,4.12,116.0
1163,3.0,10.89,116.0
1164,4.0,5.74,116.0
1165,5.0,0.6,116.0
1166,6.0,4.11,116.0
1167,7.0,14.4,116.0
1168,8.0,0.84,116.0
1169,9.0,10.11,116.0
1170,0.0,8.51,117.0
1171,1.0,9.43,117.0
1172,2.0,2.57,117.0
1173,3.0,2.99,117.0
1174,4.0,6.57,117.0
1175,5.0,11.54,117.0
1176,6.0,8.28,117.0
1177,7.0,1.27,117.0
1178,8.0,0.74,117.0
1179,9.0,14.1,117.0
1180,0.0,0.84,118.0
1181,1.0,13.01,118.0
1182,2.0,11.85,118.0
1183,3.0,4.05,118.0
1184,4.0,9.1,118.0
1185,5.0,7.53,118.0
1186,6.0,0.49,118.0
1187,7.0,7.8,118.0
1188,8.0,6.83,118.0
1189,9.0,4.5,118.0
1190,0.0,6.07,119.0
1191,1.0,1.83,119.0
1192,2.0,6.36,119.0
1193,3.0,6.23,119.0
1194,4.0,3.4,119.0
1195,5.0,7.5,119.0
1196,6.0,9.78,119.0
1197,7.0,1.5,119.0
1198,8.0,13.91,119.0
1199,9.0,9.42,119.0
1200,0.0,12.9,120.0
1201,1.0,9.52,120.0
1202,2.0,10.65,120.0
1203,3.0,8.0,120.0
1204,4.0,6.69,120.0
1205,5.0,6.17,120.0
1206,6.0,2.45,120.0
1207,7.0,2.67,120.0
1208,8.0,4.11,120.0
1209,9.0,2.84,120.0
1210,0.0,6.48,121.0
1211,1.0,2.13,121.0
1212,2.0,2.72,121.0
1213,3.0,1.12,121.0
1214,4.0,14.34,121.0
1215,5.0,6.92,121.0
1216,6.0,3.07,121.0
1217,7.0,8.2,121.0
1218,8.0,20.96,121.0
1219,9.0,0.06,121.0
1220,0.0,2.37,122.0
1221,1.0,12.06,122.0
1222,2.0,4.34,122.0
1223,3.0,7.89,122.0
1224,4.0,11.17,122.0
1225,5.0,0.99,122.0
1226,6.0,12.58,122.0
1227,7.0,9.01,122.0
1228,8.0,3.31,122.0
1229,9.0,2.28,122.0
1230,0.0,7.89,123.0
1231,1.0,2.12,123.0
1232,2.0,5.16,123.0
1233,3.0,11.31,123.0
1234,4.0,3.06,123.0
1235,5.0,10.28,123.0
1236,6.0,0.65,123.0
1237,7.0,14.61,123.0
1238,8.0,6.17,123.0
1239,9.0,4.75,123.0
1240,0.0,7.86,124.0
1241,1.0,6.33,124.0
1242,2.0,3.8,124.0
1243,3.0,10.28,124.0
1244,4.0,6.39,124.0
1245,5.0,6.61,124.0
1246,6.0,5.39,124.0
1247,7.0,0.64,124.0
1248,8.0,5.33,124.0
1249,9.0,13.37,124.0
1250,0.0,6.68,125.0
1251,1.0,11.8,125.0
1252,2.0,4.72,125.0
1253,3.0,2.84,125.0
1254,4.0,0.66,125.0
1255,5.0,6.19,125.0
1256,6.0,2.01,125.0
1257,7.0,14.53,125.0
1258,8.0,10.3,125.0
1259,9.0,6.27,125.0
1260,0.0,1.99,126.0
1261,1.0,5.88,126.0
1262,2.0,9.06,126.0
1263,3.0,2.96,126.0
1264,4.0,9.72,126.0
1265,5.0,12.43,126.0
1266,6.0,5.87,126.0
1267,7.0,8.97,126.0
1268,8.0,8.72,126.0
1269,9.0,0.4,126.0
1270,0.0,13.17,127.0
1271,1.0,9.04,127.0
1272,2.0,5.77,127.0
1273,3.0,3.9,127.0
1274,4.0,3.85,127.0
1275,5.0,4.24,127.0
1276,6.0,7.96,127.0
1277,7.0,11.2,127.0
1278,8.0,3.47,127.0
1279,9.0,3.4,127.0
1280,0.0,3.19,128.0
1281,1.0,11.16,128.0
1282,2.0,5.14,128.0
1283,3.0,1.13,128.0
1284,4.0,7.53,128.0
1285,5.0,10.88,128.0
1286,6.0,11.16,128.0
1287,7.0,9.27,128.0
1288,8.0,4.22,128.0
1289,9.0,2.32,128.0
1290,0.0,12.86,129.0
1291,1.0,8.39,129.0
1292,2.0,2.97,129.0
1293,3.0,5.82,129.0
1294,4.0,6.93,129.0
1295,5.0,1.38,129.0
1296,6.0,6.64,129.0
1297,7.0,2.43,129.0
1298,8.0,16.39,129.0
1299,9.0,2.19,129.0
1300,0.0,2.1,130.0
1301,1.0,12.9,130.0
1302,2.0,3.21,130.0
1303,3.0,5.95,130.0
1304,4.0,10.0,130.0
1305,5.0,6.57,130.0
1306,6.0,11.26,130.0
1307,7.0,8.71,130.0
1308,8.0,4.02,130.0
1309,9.0,1.28,130.0
1310,0.0,6.14,131.0
1311,1.0,7.49,131.0
1312,2.0,5.49,131.0
1313,3.0,1.88,131.0
1314,4.0,12.44,131.0
1315,5.0,8.79,131.0
1316,6.0,2.08,131.0
1317,7.0,7.72,131.0
1318,8.0,10.48,131.0
1319,9.0,3.49,131.0
1320,0.0,1.47,132.0
1321,1.0,4.61,132.0
1322,2.0,6.89,132.0
1323,3.0,3.44,132.0
1324,4.0,0.82,132.0
1325,5.0,8.67,132.0
1326,6.0,10.96,132.0
1327,7.0,5.83,132.0
1328,8.0,21.81,132.0
1329,9.0,1.5,132.0
1330,0.0,2.48,133.0
1331,1.0,10.09,133.0
1332,2.0,5.13,133.0
1333,3.0,0.69,133.0
1334,4.0,5.7,133.0
1335,5.0,7.68,133.0
1336,6.0,2.06,133.0
1337,7.0,8.55,133.0
1338,8.0,22.37,133.0
1339,9.0,1.25,133.0
1340,0.0,7.04,134.0
1341,1.0,3.41,134.0
1342,2.0,4.43,134.0
1343,3.0,3.89,134.0
1344,4.0,14.2,134.0
1345,5.0,8.46,134.0
1346,6.0,5.5,134.0
1347,7.0,4.45,134.0
1348,8.0,6.06,134.0
1349,9.0,8.56,134.0
1350,0.0,7.44,135.0
1351,1.0,5.75,135.0
1352,2.0,12.83,135.0
1353,3.0,3.54,135.0
1354,4.0,1.15,135.0
1355,5.0,10.57,135.0
1356,6.0,0.61,135.0
1357,7.0,14.3,135.0
1358,8.0,8.41,135.0
1359,9.0,1.4,135.0
1360,0.0,0.66,136.0
1361,1.0,1.99,136.0
1362,2.0,6.16,136.0
1363,3.0,4.77,136.0
1364,4.0,11.27,136.0
1365,5.0,12.64,136.0
1366,6.0,2.97,136.0
1367,7.0,8.93,136.0
1368,8.0,13.4,136.0
1369,9.0,3.21,136.0
1370,0.0,2.31,137.0
1371,1.0,3.94,137.0
1372,2.0,1.58,137.0
1373,3.0,13.88,137.0
1374,4.0,14.13,137.0
1375,5.0,3.43,137.0
1376,6.0,10.82,137.0
1377,7.0,9.56,137.0
1378,8.0,0.68,137.0
1379,9.0,5.67,137.0
1380,0.0,0.66,138.0
1381,1.0,14.45,138.0
1382,2.0,5.28,138.0
1383,3.0,7.16,138.0
1384,4.0,2.87,138.0
1385,5.0,8.65,138.0
1386,6.0,12.69,138.0
1387,7.0,1.58,138.0
1388,8.0,1.31,138.0
1389,9.0,11.35,138.0
1390,0.0,2.23,139.0
1391,1.0,10.75,139.0
1392,2.0,4.03,139.0
1393,3.0,7.97,139.0
1394,4.0,13.48,139.0
1395,5.0,5.71,139.0
1396,6.0,0.54,139.0
1397,7.0,6.86,139.0
1398,8.0,8.05,139.0
1399,9.0,6.38,139.0
1400,0.0,9.65,140.0
1401,1.0,7.06,140.0
1402,2.0,9.59,140.0
1403,3.0,2.03,140.0
1404,4.0,3.43,140.0
1405,5.0,0.68,140.0
1406,6.0,1.17,140.0
1407,7.0,11.88,140.0
1408,8.0,1.83,140.0
1409,9.0,18.68,140.0
1410,0.0,9.87,141.0
1411,1.0,10.39,141.0
1412,2.0,5.89,141.0
1413,3.0,6.49,141.0
1414,4.0,10.41,141.0
1415,5.0,3.59,141.0
1416,6.0,2.75,141.0
1417,7.0,3.5,141.0
1418,8.0,2.11,141.0
1419,9.0,11.0,141.0
1420,0.0,1.03,142.0
1421,1.0,10.35,142.0
1422,2.0,0.76,142.0
1423,3.0,8.25,142.0
1424,4.0,9.36,142.0
1425,5.0,10.63,142.0
1426,6.0,8.08,142.0
1427,7.0,0.58,142.0
1428,8.0,16.26,142.0
1429,9.0,0.7,142.0
1430,0.0,5.89,143.0
1431,1.0,1.02,143.0
1432,2.0,4.74,143.0
1433,3.0,11.51,143.0
1434,4.0,5.38,143.0
1435,5.0,12.99,143.0
1436,6.0,7.43,143.0
1437,7.0,8.35,143.0
1438,8.0,0.43,143.0
1439,9.0,8.26,143.0
1440,0.0,3.65,144.0
1441,1.0,11.16,144.0
1442,2.0,5.57,144.0
1443,3.0,10.22,144.0
1444,4.0,8.42,144.0
1445,5.0,5.1,144.0
1446,6.0,1.43,144.0
1447,7.0,13.02,144.0
1448,8.0,4.52,144.0
1449,9.0,2.91,144.0
1450,0.0,1.38,145.0
1451,1.0,3.45,145.0
1452,2.0,12.25,145.0
1453,3.0,1.78,145.0
1454,4.0,5.74,145.0
1455,5.0,12.89,145.0
1456,6.0,5.43,145.0
1457,7.0,1.65,145.0
1458,8.0,15.82,145.0
1459,9.0,5.61,145.0
1460,0.0,1.94,146.0
1461,1.0,10.87,146.0
1462,2.0,1.58,146.0
1463,3.0,0.73,146.0
1464,4.0,12.21,146.0
1465,5.0,13.49,146.0
1466,6.0,9.58,146.0
1467,7.0,3.7,146.0
1468,8.0,2.82,146.0
1469,9.0,9.08,146.0
1470,0.0,5.47,147.0
1471,1.0,9.03,147.0
1472,2.0,4.47,147.0
1473,3.0,7.87,147.0
1474,4.0,1.96,147.0
1475,5.0,6.65,147.0
1476,6.0,0.76,147.0
1477,7.0,9.69,147.0
1478,8.0,16.88,147.0
1479,9.0,3.22,147.0
1480,0.0,3.43,148.0
1481,1.0,1.52,148.0
1482,2.0,13.88,148.0
1483,3.0,8.25,148.0
1484,4.0,5.16,148.0
1485,5.0,1.82,148.0
1486,6.0,4.87,148.0
1487,7.0,1.88,148.0
1488,8.0,16.5,148.0
1489,9.0,8.69,148.0
1490,0.0,0.87,149.0
1491,1.0,8.43,149.0
1492,2.0,14.1,149.0
1493,3.0,7.47,149.0
1494,4.0,8.89,149.0
1495,5.0,8.5,149.0
1496,6.0,4.41,149.0
1497,7.0,8.52,149.0
1498,8.0,4.56,149.0
1499,9.0,0.25,149.0
1500,0.0,10.97,150.0
1501,1.0,8.58,150.0
1502,2.0,1.17,150.0
1503,3.0,10.3,150.0
1504,4.0,4.31,150.0
1505,5.0,0.61,150.0
1506,6.0,10.27,150.0
1507,7.0,8.67,150.0
1508,8.0,8.0,150.0
1509,9.0,3.12,150.0
1510,0.0,7.36,151.0
1511,1.0,2.43,151.0
1512,2.0,12.3,151.0
1513,3.0,9.51,151.0
1514,4.0,0.67,151.0
1515,5.0,4.82,151.0
1516,6.0,12.53,151.0
1517,7.0,3.77,151.0
1518,8.0,7.24,151.0
1519,9.0,5.37,151.0
1520,0.0,12.57,152.0
1521,1.0,5.43,152.0
1522,2.0,4.0,152.0
1523,3.0,10.16,152.0
1524,4.0,8.8,152.0
1525,5.0,7.31,152.0
1526,6.0,4.99,152.0
1527,7.0,1.13,152.0
1528,8.0,6.18,152.0
1529,9.0,5.43,152.0
1530,0.0,5.33,153.0
1531,1.0,4.46,153.0
1532,2.0,12.12,153.0
1533,3.0,10.04,153.0
1534,4.0,8.64,153.0
1535,5.0,10.11,153.0
1536,6.0,6.71,153.0
1537,7.0,1.97,153.0
1538,8.0,4.1,153.0
1539,9.0,2.52,153.0
1540,0.0,10.55,154.0
1541,1.0,3.53,154.0
1542,2.0,6.14,154.0
1543,3.0,2.23,154.0
1544,4.0,7.13,154.0
1545,5.0,6.16,154.0
1546,6.0,11.21,154.0
1547,7.0,6.86,154.0
1548,8.0,10.17,154.0
1549,9.0,2.02,154.0
1550,0.0,6.32,155.0
1551,1.0,9.39,155.0
1552,2.0,8.41,155.0
1553,3.0,9.87,155.0
1554,4.0,0.92,155.0
1555,5.0,8.04,155.0
1556,6.0,7.66,155.0
1557,7.0,9.93,155.0
1558,8.0,3.83,155.0
1559,9.0,1.63,155.0
1560,0.0,10.23,156.0
1561,1.0,11.25,156.0
1562,2.0,5.44,156.0
1563,3.0,5.56,156.0
1564,4.0,10.4,156.0
1565,5.0,5.65,156.0
1566,6.0,1.65,156.0
1567,7.0,4.97,156.0
1568,8.0,0.54,156.0
1569,9.0,10.31,156.0
1570,0.0,8.99,157.0
1571,1.0,9.24,157.0
1572,2.0,11.03,157.0
1573,3.0,3.18,157.0
1574,4.0,10.56,157.0
1575,5.0,7.42,157.0
1576,6.0,3.28,157.0
1577,7.0,6.93,157.0
1578,8.0,4.23,157.0
1579,9.0,1.14,157.0
1580,0.0,7.97,158.0
1581,1.0,11.53,158.0
1582,2.0,5.14,158.0
1583,3.0,0.9,158.0
1584,4.0,2.87,158.0
1585,5.0,1.24,158.0
1586,6.0,8.84,158.0
1587,7.0,13.81,158.0
1588,8.0,13.46,158.0
1589,9.0,0.24,158.0
1590,0.0,10.53,159.0
1591,1.0,6.7,159.0
1592,2.0,5.48,159.0
1593,3.0,3.09,159.0
1594,4.0,5.06,159.0
1595,5.0,9.78,159.0
1596,6.0,8.17,159.0
1597,7.0,9.07,159.0
1598,8.0,7.81,159.0
1599,9.0,0.31,159.0
1600,0.0,7.69,160.0
1601,1.0,12.54,160.0
1602,2.0,10.09,160.0
1603,3.0,0.61,160.0
1604,4.0,0.58,160.0
1605,5.0,8.04,160.0
1606,6.0,7.95,160.0
1607,7.0,11.96,160.0
1608,8.0,3.73,160.0
1609,9.0,2.81,160.0
1610,0.0,5.49,161.0
1611,1.0,2.13,161.0
1612,2.0,8.64,161.0
1613,3.0,8.1,161.0
1614,4.0,11.15,161.0
1615,5.0,3.34,161.0
1616,6.0,12.16,161.0
1617,7.0,6.63,161.0
1618,8.0,7.41,161.0
1619,9.0,0.95,161.0
1620,0.0,7.01,162.0
1621,1.0,3.19,162.0
1622,2.0,3.34,162.0
1623,3.0,10.69,162.0
1624,4.0,12.75,162.0
1625,5.0,8.77,162.0
1626,6.0,0.5,162.0
1627,7.0,5.93,162.0
1628,8.0,12.6,162.0
1629,9.0,1.22,162.0
1630,0.0,4.01,163.0
1631,1.0,4.33,163.0
1632,2.0,10.9,163.0
1633,3.0,1.97,163.0
1634,4.0,11.63,163.0
1635,5.0,9.33,163.0
1636,6.0,8.57,163.0
1637,7.0,6.81,163.0
1638,8.0,4.63,163.0
1639,9.0,3.82,163.0
1640,0.0,2.76,164.0
1641,1.0,6.78,164.0
1642,2.0,1.28,164.0
1643,3.0,5.49,164.0
1644,4.0,3.26,164.0
1645,5.0,8.44,164.0
1646,6.0,6.33,164.0
1647,7.0,20.58,164.0
1648,8.0,8.05,164.0
1649,9.0,3.03,164.0
1650,0.0,11.53,165.0
1651,1.0,8.24,165.0
1652,2.0,9.86,165.0
1653,3.0,9.4,165.0
1654,4.0,1.17,165.0
1655,5.0,0.59,165.0
1656,6.0,3.12,165.0
1657,7.0,5.77,165.0
1658,8.0,9.0,165.0
1659,9.0,7.32,165.0
1660,0.0,0.66,166.0
1661,1.0,3.64,166.0
1662,2.0,11.58,166.0
1663,3.0,11.35,166.0
1664,4.0,8.93,166.0
1665,5.0,11.61,166.0
1666,6.0,0.45,166.0
1667,7.0,1.66,166.0
1668,8.0,15.41,166.0
1669,9.0,0.71,166.0
1670,0.0,12.64,167.0
1671,1.0,2.36,167.0
1672,2.0,0.63,167.0
1673,3.0,13.15,167.0
1674,4.0,3.51,167.0
1675,5.0,2.27,167.0
1676,6.0,12.01,167.0
1677,7.0,7.14,167.0
1678,8.0,3.18,167.0
1679,9.0,9.11,167.0
1680,0.0,2.32,168.0
1681,1.0,7.2,168.0
1682,2.0,10.66,168.0
1683,3.0,4.26,168.0
1684,4.0,5.98,168.0
1685,5.0,13.3,168.0
1686,6.0,9.6,168.0
1687,7.0,5.54,168.0
1688,8.0,0.44,168.0
1689,9.0,6.7,168.0
1690,0.0,11.4,169.0
1691,1.0,6.35,169.0
1692,2.0,2.92,169.0
1693,3.0,7.08,169.0
1694,4.0,2.05,169.0
1695,5.0,13.68,169.0
1696,6.0,1.17,169.0
1697,7.0,10.33,169.0
1698,8.0,0.55,169.0
1699,9.0,10.47,169.0
1700,0.0,2.17,170.0
1701,1.0,4.46,170.0
1702,2.0,13.9,170.0
1703,3.0,3.33,170.0
1704,4.0,4.06,170.0
1705,5.0,3.36,170.0
1706,6.0,9.52,170.0
1707,7.0,2.26,170.0
1708,8.0,3.61,170.0
1709,9.0,19.33,170.0
1710,0.0,10.61,171.0
1711,1.0,8.89,171.0
1712,2.0,2.91,171.0
1713,3.0,9.81,171.0
1714,4.0,3.69,171.0
1715,5.0,8.02,171.0
1716,6.0,5.89,171.0
1717,7.0,2.13,171.0
1718,8.0,11.79,171.0
1719,9.0,2.26,171.0
1720,0.0,12.62,172.0
1721,1.0,5.91,172.0
1722,2.0,9.99,172.0
1723,3.0,9.12,172.0
1724,4.0,3.21,172.0
1725,5.0,1.52,172.0
1726,6.0,9.85,172.0
1727,7.0,0.45,172.0
1728,8.0,9.55,172.0
1729,9.0,3.78,172.0
1730,0.0,2.31,173.0
1731,1.0,6.41,173.0
1732,2.0,12.72,173.0
1733,3.0,1.89,173.0
1734,4.0,4.24,173.0
1735,5.0,3.06,173.0
1736,6.0,5.68,173.0
1737,7.0,14.76,173.0
1738,8.0,8.88,173.0
1739,9.0,6.05,173.0
1740,0.0,11.61,174.0
1741,1.0,11.05,174.0
1742,2.0,10.3,174.0
1743,3.0,4.14,174.0
1744,4.0,7.27,174.0
1745,5.0,1.4,174.0
1746,6.0,2.76,174.0
1747,7.0,0.58,174.0
1748,8.0,6.41,174.0
1749,9.0,10.48,174.0
1750,0.0,6.65,175.0
1751,1.0,9.27,175.0
1752,2.0,4.6,175.0
1753,3.0,3.65,175.0
1754,4.0,5.83,175.0
1755,5.0,14.18,175.0
1756,6.0,6.08,175.0
1757,7.0,3.28,175.0
1758,8.0,0.62,175.0
1759,9.0,11.84,175.0
1760,0.0,6.54,176.0
1761,1.0,12.6,176.0
1762,2.0,3.48,176.0
1763,3.0,4.39,176.0
1764,4.0,9.26,176.0
1765,5.0,9.35,176.0
1766,6.0,5.87,176.0
1767,7.0,0.69,176.0
1768,8.0,2.28,176.0
1769,9.0,11.54,176.0
1770,0.0,4.78,177.0
1771,1.0,13.35,177.0
1772,2.0,4.9,177.0
1773,3.0,0.61,177.0
1774,4.0,3.9,177.0
1775,5.0,10.38,177.0
1776,6.0,3.21,177.0
1777,7.0,12.56,177.0
1778,8.0,2.47,177.0
1779,9.0,9.84,177.0
1780,0.0,9.55,178.0
1781,1.0,11.67,178.0
1782,2.0,0.55,178.0
1783,3.0,2.71,178.0
1784,4.0,2.68,178.0
1785,5.0,13.05,178.0
1786,6.0,11.84,178.0
1787,7.0,5.85,178.0
1788,8.0,6.42,178.0
1789,9.0,1.68,178.0
1790,0.0,10.24,179.0
1791,1.0,10.19,179.0
1792,2.0,9.69,179.0
1793,3.0,2.14,179.0
1794,4.0,6.67,179.0
1795,5.0,7.75,179.0
1796,6.0,1.05,179.0
1797,7.0,5.49,179.0
1798,8.0,7.38,179.0
1799,9.0,5.4,179.0
1800,0.0,4.76,180.0
1801,1.0,8.74,180.0
1802,2.0,2.86,180.0
1803,3.0,14.11,180.0
1804,4.0,8.88,180.0
1805,5.0,8.95,180.0
1806,6.0,8.19,180.0
1807,7.0,4.19,180.0
1808,8.0,0.93,180.0
1809,9.0,4.39,180.0
1810,0.0,9.99,181.0
1811,1.0,7.02,181.0
1812,2.0,2.32,181.0
1813,3.0,1.01,181.0
1814,4.0,5.76,181.0
1815,5.0,0.79,181.0
1816,6.0,11.69,181.0
1817,7.0,5.02,181.0
1818,8.0,6.62,181.0
1819,9.0,15.78,181.0
1820,0.0,7.6,182.0
1821,1.0,6.27,182.0
1822,2.0,7.67,182.0
1823,3.0,12.05,182.0
1824,4.0,0.54,182.0
1825,5.0,8.94,182.0
1826,6.0,0.68,182.0
1827,7.0,3.93,182.0
1828,8.0,0.91,182.0
1829,9.0,17.41,182.0
1830,0.0,11.42,183.0
1831,1.0,11.34,183.0
1832,2.0,2.58,183.0
1833,3.0,0.89,183.0
1834,4.0,3.1,183.0
1835,5.0,2.88,183.0
1836,6.0,3.87,183.0
1837,7.0,5.61,183.0
1838,8.0,10.36,183.0
1839,9.0,13.95,183.0
1840,0.0,11.59,184.0
1841,1.0,7.27,184.0
1842,2.0,7.63,184.0
1843,3.0,1.02,184.0
1844,4.0,8.69,184.0
1845,5.0,1.1,184.0
1846,6.0,13.49,184.0
1847,7.0,3.43,184.0
1848,8.0,8.25,184.0
1849,9.0,3.53,184.0
1850,0.0,6.32,185.0
1851,1.0,10.34,185.0
1852,2.0,2.0,185.0
1853,3.0,1.94,185.0
1854,4.0,9.68,185.0
1855,5.0,9.61,185.0
1856,6.0,1.19,185.0
1857,7.0,7.59,185.0
1858,8.0,4.79,185.0
1859,9.0,12.54,185.0
1860,0.0,4.25,186.0
1861,1.0,4.89,186.0
1862,2.0,11.61,186.0
1863,3.0,11.82,186.0
1864,4.0,0.55,186.0
1865,5.0,11.65,186.0
1866,6.0,4.14,186.0
1867,7.0,4.67,186.0
1868,8.0,5.92,186.0
1869,9.0,6.5,186.0
1870,0.0,0.66,187.0
1871,1.0,7.41,187.0
1872,2.0,0.88,187.0
1873,3.0,13.75,187.0
1874,4.0,4.5,187.0
1875,5.0,6.02,187.0
1876,6.0,9.29,187.0
1877,7.0,13.62,187.0
1878,8.0,9.29,187.0
1879,9.0,0.58,187.0
1880,0.0,0.66,188.0
1881,1.0,9.07,188.0
1882,2.0,6.0,188.0
1883,3.0,8.68,188.0
1884,4.0,10.6,188.0
1885,5.0,7.97,188.0
1886,6.0,0.57,188.0
1887,7.0,13.45,188.0
1888,8.0,5.44,188.0
1889,9.0,3.56,188.0
1890,0.0,8.89,189.0
1891,1.0,6.74,189.0
1892,2.0,0.62,189.0
1893,3.0,8.42,189.0
1894,4.0,11.75,189.0
1895,5.0,11.1,189.0
1896,6.0,0.74,189.0
1897,7.0,10.56,189.0
1898,8.0,4.16,189.0
1899,9.0,3.02,189.0
1900,0.0,5.09,190.0
1901,1.0,10.3,190.0
1902,2.0,2.47,190.0
1903,3.0,12.94,190.0
1904,4.0,2.78,190.0
1905,5.0,9.45,190.0
1906,6.0,7.09,190.0
1907,7.0,3.4,190.0
1908,8.0,9.82,190.0
1909,9.0,2.66,190.0
1910,0.0,8.91,191.0
1911,1.0,6.73,191.0
1912,2.0,6.25,191.0
1913,3.0,4.78,191.0
1914,4.0,11.4,191.0
1915,5.0,7.25,191.0
1916,6.0,0.51,191.0
1917,7.0,6.0,191.0
1918,8.0,12.04,191.0
1919,9.0,2.13,191.0
1920,0.0,9.99,192.0
1921,1.0,4.55,192.0
1922,2.0,8.39,192.0
1923,3.0,10.81,192.0
1924,4.0,3.45,192.0
1925,5.0,10.63,192.0
1926,6.0,7.02,192.0
1927,7.0,3.28,192.0
1928,8.0,6.94,192.0
1929,9.0,0.94,192.0
1930,0.0,11.14,193.0
1931,1.0,5.26,193.0
1932,2.0,7.93,193.0
1933,3.0,9.88,193.0
1934,4.0,5.78,193.0
1935,5.0,1.9,193.0
1936,6.0,0.6,193.0
1937,7.0,1.21,193.0
1938,8.0,1.5,193.0
1939,9.0,20.8,193.0
1940,0.0,4.86,194.0
1941,1.0,12.09,194.0
1942,2.0,3.98,194.0
1943,3.0,0.64,194.0
1944,4.0,4.09,194.0
1945,5.0,0.8,194.0
1946,6.0,14.31,194.0
1947,7.0,4.68,194.0
1948,8.0,19.27,194.0
1949,9.0,1.28,194.0
1950,0.0,0.66,195.0
1951,1.0,9.31,195.0
1952,2.0,9.57,195.0
1953,3.0,10.72,195.0
1954,4.0,6.66,195.0
1955,5.0,0.58,195.0
1956,6.0,9.45,195.0
1957,7.0,5.48,195.0
1958,8.0,6.5,195.0
1959,9.0,7.07,195.0
1960,0.0,10.45,196.0
1961,1.0,3.23,196.0
1962,2.0,11.09,196.0
1963,3.0,9.53,196.0
1964,4.0,0.9,196.0
1965,5.0,8.78,196.0
1966,6.0,6.54,196.0
1967,7.0,9.2,196.0
1968,8.0,6.1,196.0
1969,9.0,0.18,196.0
1970,0.0,3.01,197.0
1971,1.0,10.2,197.0
1972,2.0,11.7,197.0
1973,3.0,3.22,197.0
1974,4.0,9.89,197.0
1975,5.0,6.7,197.0
1976,6.0,7.61,197.0
1977,7.0,0.63,197.0
1978,8.0,1.66,197.0
1979,9.0,11.38,197.0
1980,0.0,10.39,198.0
1981,1.0,5.53,198.0
1982,2.0,0.8,198.0
1983,3.0,12.65,198.0
1984,4.0,11.1,198.0
1985,5.0,3.17,198.0
1986,6.0,6.33,198.0
1987,7.0,6.9,198.0
1988,8.0,8.24,198.0
1989,9.0,0.89,198.0
1990,0.0,1.82,199.0
1991,1.0,4.25,199.0
1992,2.0,11.29,199.0
1993,3.0,6.21,199.0
1994,4.0,6.12,199.0
1995,5.0,8.25,199.0
1996,6.0,5.55,199.0
1997,7.0,14.44,199.0
1998,8.0,3.47,199.0
1999,9.0,4.6,199.0
